path,stage,nodes,expr_bytes,expr_max,expr_count,expected_bytes,expected_max,expected_count,expected_skipped,expected_skipped_max,doc_bytes,doc_max,doc_count
Mathlib/CategoryTheory/Elements.lean,start,0,0,0,0,0,0,0,0,0,0,0,0
Mathlib/CategoryTheory/Elements.lean,heartbeat,0,0,0,0,0,0,0,0,0,0,0,0
Mathlib/CategoryTheory/Elements.lean,heartbeat,0,0,0,0,0,0,0,0,0,0,0,0
Mathlib/CategoryTheory/Elements.lean,progress,1112,228544,16557,440,857297,158661,375,9,175001,0,0,0
Mathlib/CategoryTheory/Elements.lean,progress,2149,256216,16557,841,986584,158661,720,9,175001,0,0,0
Mathlib/CategoryTheory/Elements.lean,heartbeat,2149,256216,16557,841,986584,158661,720,9,175001,0,0,0
Mathlib/CategoryTheory/Elements.lean,progress,3241,656152,62181,1276,1388849,158661,1121,9,175001,0,0,0
Mathlib/CategoryTheory/Elements.lean,progress,4277,802899,62181,1707,2559583,158661,1506,12,175001,0,0,0
Mathlib/CategoryTheory/Elements.lean,progress,5489,1816641,118007,2247,3487907,158661,1992,24,476043,0,0,0
Mathlib/CategoryTheory/Elements.lean,heartbeat,5654,1824061,118007,2325,3508392,158661,2072,24,476043,0,0,0
Mathlib/CategoryTheory/Elements.lean,heartbeat,6464,2044069,118007,2698,3971730,158661,2418,33,1152212,0,0,0
Mathlib/CategoryTheory/Elements.lean,heartbeat,6550,14132614,12085412,2740,3974873,158661,2468,33,1152212,0,0,0
Mathlib/CategoryTheory/Elements.lean,heartbeat,6859,48112769,12085412,2854,5136471,237420,2560,47,1152212,0,0,0
Mathlib/CategoryTheory/Elements.lean,heartbeat,6994,60936790,12085412,2897,5866090,241332,2597,56,14485778,0,0,0
Mathlib/CategoryTheory/Elements.lean,heartbeat,6994,60936790,12085412,2897,5866090,241332,2597,56,14485778,0,0,0
Mathlib/CategoryTheory/Elements.lean,heartbeat,6994,60936790,12085412,2897,5866090,241332,2597,56,14485778,0,0,0
Mathlib/CategoryTheory/Elements.lean,heartbeat,6994,60936790,12085412,2897,5866090,241332,2597,56,14485778,0,0,0
Mathlib/CategoryTheory/Elements.lean,heartbeat,6994,60936790,12085412,2897,5866090,241332,2597,56,14485778,0,0,0
Mathlib/CategoryTheory/Elements.lean,heartbeat,6994,60936790,12085412,2897,5866090,241332,2597,56,14485778,0,0,0
Mathlib/CategoryTheory/Elements.lean,heartbeat,6994,60936790,12085412,2897,5866090,241332,2597,57,3328575244,0,0,0
Mathlib/CategoryTheory/Elements.lean,heartbeat,6994,60936790,12085412,2897,5866090,241332,2597,57,3328575244,0,0,0
Mathlib/CategoryTheory/Elements.lean,heartbeat,6994,60936790,12085412,2897,5866090,241332,2597,57,3328575244,0,0,0
Mathlib/CategoryTheory/Elements.lean,heartbeat,6994,60936790,12085412,2897,5866090,241332,2597,57,3328575244,0,0,0
Mathlib/CategoryTheory/Elements.lean,heartbeat,6994,60936790,12085412,2897,5866090,241332,2597,57,3328575244,0,0,0
Mathlib/CategoryTheory/Elements.lean,heartbeat,6994,60936790,12085412,2897,5866090,241332,2597,57,3328575244,0,0,0
Mathlib/CategoryTheory/Elements.lean,heartbeat,6994,60936790,12085412,2897,5866090,241332,2597,57,3328575244,0,0,0
Mathlib/CategoryTheory/Elements.lean,heartbeat,6994,60936790,12085412,2897,5866090,241332,2597,57,3328575244,0,0,0
Mathlib/CategoryTheory/Elements.lean,heartbeat,6995,60936790,12085412,2897,5866090,241332,2597,57,3328575244,0,0,0
Mathlib/CategoryTheory/Elements.lean,heartbeat,6995,60936790,12085412,2897,5866090,241332,2597,57,3328575244,0,0,0
Mathlib/CategoryTheory/Elements.lean,heartbeat,6995,60936790,12085412,2897,5866090,241332,2597,57,3328575244,0,0,0
Mathlib/CategoryTheory/Elements.lean,heartbeat,6995,60936790,12085412,2897,5866090,241332,2597,57,3328575244,0,0,0
Mathlib/CategoryTheory/Elements.lean,heartbeat,6995,60936790,12085412,2897,5866090,241332,2597,57,3328575244,0,0,0
Mathlib/CategoryTheory/Elements.lean,heartbeat,6995,60936790,12085412,2897,5866090,241332,2597,57,3328575244,0,0,0
Mathlib/CategoryTheory/Elements.lean,heartbeat,6995,60936790,12085412,2897,5866090,241332,2597,57,3328575244,0,0,0
Mathlib/CategoryTheory/Elements.lean,heartbeat,6995,60936790,12085412,2897,5866090,241332,2597,58,3328575244,0,0,0
Mathlib/CategoryTheory/Elements.lean,heartbeat,6995,60936790,12085412,2897,5866090,241332,2597,58,3328575244,0,0,0
Mathlib/CategoryTheory/Elements.lean,heartbeat,6995,60936790,12085412,2897,5866090,241332,2597,58,3328575244,0,0,0
Mathlib/CategoryTheory/Elements.lean,heartbeat,6995,60936790,12085412,2897,5866090,241332,2597,58,3328575244,0,0,0
Mathlib/CategoryTheory/Elements.lean,heartbeat,6995,60936790,12085412,2897,5866090,241332,2597,58,3328575244,0,0,0
Mathlib/CategoryTheory/Elements.lean,heartbeat,6995,60936790,12085412,2897,5866090,241332,2597,58,3328575244,0,0,0
Mathlib/CategoryTheory/Elements.lean,heartbeat,6996,60936807,12085412,2898,5866090,241332,2597,58,3328575244,0,0,0
Mathlib/CategoryTheory/Elements.lean,heartbeat,6996,60936807,12085412,2898,5866090,241332,2597,58,3328575244,0,0,0
Mathlib/CategoryTheory/Elements.lean,heartbeat,6996,60936807,12085412,2898,5866090,241332,2597,58,3328575244,0,0,0
Mathlib/CategoryTheory/Elements.lean,heartbeat,6996,60936807,12085412,2898,5866090,241332,2597,58,3328575244,0,0,0
Mathlib/CategoryTheory/Elements.lean,heartbeat,6996,60936807,12085412,2898,5866090,241332,2597,58,3328575244,0,0,0
Mathlib/CategoryTheory/Elements.lean,heartbeat,6996,60936807,12085412,2898,5866090,241332,2597,58,3328575244,0,0,0
Mathlib/CategoryTheory/Elements.lean,heartbeat,6996,60936807,12085412,2898,5866090,241332,2597,58,3328575244,0,0,0
Mathlib/CategoryTheory/Elements.lean,heartbeat,6996,60936807,12085412,2898,5866090,241332,2597,59,3328575244,0,0,0
Mathlib/CategoryTheory/Elements.lean,heartbeat,6996,60936807,12085412,2898,5866090,241332,2597,59,3328575244,0,0,0
Mathlib/CategoryTheory/Elements.lean,heartbeat,6996,60936807,12085412,2898,5866090,241332,2597,59,3328575244,0,0,0
Mathlib/CategoryTheory/Elements.lean,heartbeat,6996,60936807,12085412,2898,5866090,241332,2597,59,3328575244,0,0,0
Mathlib/CategoryTheory/Elements.lean,heartbeat,6996,60936807,12085412,2898,5866090,241332,2597,59,3328575244,0,0,0
Mathlib/CategoryTheory/Elements.lean,heartbeat,6996,60936807,12085412,2898,5866090,241332,2597,59,3328575244,0,0,0
Mathlib/CategoryTheory/Elements.lean,progress,7041,60938262,12085412,2916,5866274,241332,2608,59,3328575244,0,0,0
Mathlib/CategoryTheory/Elements.lean,done,7403,61547688,12085412,3071,6102288,241332,2744,59,3328575244,0,0,0
